{
  "f1": 0.8745856626923267,
  "params": {
    "lr": 2.88855501206011e-05,
    "weight_decay": 0.0031917389761960194,
    "warmup_ratio": 0.12344822056948998,
    "drop1": 0.1478787321260449,
    "drop2": 0.13757988231247056,
    "C1": 662,
    "C2": 164,
    "max_len": 85
  }
}