{
  "combos": {
    "RoBERTuito + SVM": {
      "f1_equal": 0.8759634002303587,
      "f1_optimized": 0.8796550323739667,
      "weights": [
        0.02889268793895748,
        0.9711073120610425
      ]
    }
  },
  "best_combo": "RoBERTuito + SVM",
  "best_f1": 0.8796550323739667
}